{"cameraMode":{"drawMode":0,"name":"Shaded","section":"Shading Mode"},"sceneLighting":false,"audioPlay":false,"sceneViewState":{"m_AlwaysRefresh":false,"showFog":true,"showSkybox":false,"showFlares":true,"showImageEffects":true,"showParticleSystems":true,"showVisualEffectGraphs":true,"m_FxEnabled":true},"in2DMode":false,"pivot":{"x":-2.0157546997070314,"y":0.43153423070907595,"z":-0.47263845801353457},"rotation":{"x":-0.11485493928194046,"y":0.8576903343200684,"z":-0.2183738350868225,"w":-0.45111092925071719},"size":1.757829189300537,"orthographic":false}